0,1,2,3,4,5,6,7,8,9
cell-0,cell-1,cell-2,cell-3,cell-4,cell-5,cell-6,cell-7,cell-8,cell-9
cell-0,cell-1,cell-2,cell-3,cell-4,cell-5,cell-6,cell-7,cell-8,cell-9
cell-0,cell-1,cell-2,cell-3,cell-4,cell-5,cell-6,cell-7,cell-8,cell-9
cell-0,cell-1,cell-2,cell-3,cell-4,cell-5,cell-6,cell-7,cell-8,cell-9
cell-0,cell-1,cell-2,cell-3,cell-4,cell-5,cell-6,cell-7,cell-8,cell-9
cell-0,cell-1,cell-2,cell-3,cell-4,cell-5,cell-6,cell-7,cell-8,cell-9
cell-0,cell-1,cell-2,cell-3,cell-4,cell-5,cell-6,cell-7,cell-8,cell-9
cell-0,cell-1,cell-2,cell-3,cell-4,cell-5,cell-6,cell-7,cell-8,cell-9
cell-0,cell-1,cell-2,cell-3,cell-4,cell-5,cell-6,cell-7,cell-8,cell-9
cell-0,cell-1,cell-2,cell-3,cell-4,cell-5,cell-6,cell-7,cell-8,cell-9
cell-0,cell-1,cell-2,cell-3,cell-4,cell-5,cell-6,cell-7,cell-8,cell-9
cell-0,cell-1,cell-2,cell-3,cell-4,cell-5,cell-6,cell-7,cell-8,cell-9
cell-0,cell-1,cell-2,cell-3,cell-4,cell-5,cell-6,cell-7,cell-8,cell-9
cell-0,cell-1,cell-2,cell-3,cell-4,cell-5,cell-6,cell-7,cell-8,cell-9
cell-0,cell-1,cell-2,cell-3,cell-4,cell-5,cell-6,cell-7,cell-8,cell-9
cell-0,cell-1,cell-2,cell-3,cell-4,cell-5,cell-6,cell-7,cell-8,cell-9
cell-0,cell-1,cell-2,cell-3,cell-4,cell-5,cell-6,cell-7,cell-8,cell-9
cell-0,cell-1,cell-2,cell-3,cell-4,cell-5,cell-6,cell-7,cell-8,cell-9
cell-0,cell-1,cell-2,cell-3,cell-4,cell-5,cell-6,cell-7,cell-8,cell-9
cell-0,cell-1,cell-2,cell-3,cell-4,cell-5,cell-6,cell-7,cell-8,cell-9
